use vagas_db;

INSERT INTO Usuario (e_mail, senha) VALUES
('mariaDaSilva@hotmail.com', 'mds123'),
('pedrohm@gmail.com', 'phm456'),
('joao.estudante@gmail.com', 'joao123'),
('jose.carlos@gmail.com', 'maria444'),
('analima@gmail.com', 'analm'),
('carlossouza@gmail.com', 'carlosszzz'),
('lucas.almeida@gmail.com', 'lucas123'),
('fernanda.rocha@gmail.com', 'fer456'),
('bruno.melo@gmail.com', 'bruno789'),
('camila.santos@gmail.com', 'camila321'),
('rafael.lima@gmail.com', 'rafa987'),
('juliana.costa@gmail.com', 'juli654'),
('thiago.pires@gmail.com', 'thiago111'),
('beatriz.alves@gmail.com', 'bia222'),
('gustavo.nunes@gmail.com', 'gus333'),
('leticia.martins@gmail.com', 'leti444'),
 ('ana.silva@email.com', 'Senha@123'),
 ('bruno.oliveira@provedor.net', 'Br1un0!99'),
 ('carla.souza@gmail.com', 'C@rla2024'),
 ('diego.santos@outlook.com', 'D1eg0#S@nt'),
 ('elena.martins@yahoo.com.br', 'Ele_M@rtins'),
 ('fabio.ferreira@uol.com.br', 'F@b10_Ferr'),
 ('gabriela.lima@bol.com.br', 'Gabi_L1ma!'),
 ('hugo.rocha@hotmail.com', 'H_Rocha_88'),
 ('isabela.costa@icloud.com', 'Isa!Costa7'),
 ('joao.pereira@empresa.com.br', 'JP_#2026_!'),
 ('kelly.alves@teste.com', 'K3lly_Alv'),
 ('lucas.ribeiro@servidor.io', 'Luc@s_Rib!'),
 ('marina.gomes@webmail.com', 'M@rina_G0m'),
 ('nelson.pinto@site.net', 'Nel_Pinto#1'),
 ('olivia.mendes@fastmail.com', 'Oli_Mend@s'),
 ('paulo.vieira@brasmail.com', 'P@ul0_V1e'),
 ('quezia.nunes@email.com', 'Que_Nunes_9'),
 ('rafael.machado@empresa.org', 'R@f_Mach_!'),
 ('sara.teixeira@academia.edu', 'S@ra_Teix#'),
 ('thiago.nascimento@dev.com', 'Th1ag0_Dev'),
 ('ursula.batista@inbox.com', 'Urs_Bat#22'),
 ('victor.cardoso@mail.org', 'V1ct0r_C@r'),
 ('wagner.lopes@startup.io', 'Wag_Lop_!7'),
 ('xavier.dias@tech.com.br', 'X@v_Dias_26'),
 ('yasmin.farias@br-mail.com', 'Y@s_Far_#1'),
 ('zelia.barros@uol.com.br', 'Ze_Barros!8'),
 ('arthur.moura@gmail.com', 'Art_Mour@2'),
 ('beatriz.leite@outlook.com', 'Be@_Leite!'),
 ('caio.antunes@protonmail.com', 'C@io_Ant_#'),
 ('debora.correia@uol.com.br', 'Deb_Corr_99'),
 ('erick.freitas@gmail.com', 'Er1ck_Freit'),
 ('fernanda.neves@hotmail.com', 'Fer_Nev_#20'),
 ('guilherme.luz@empresa.net', 'Gui_Luz_!55'),
 ('helena.viana@provedor.com', 'Hel_Viana#7');



INSERT INTO Empresa (id_empresa, cnpj, razao_social, localizacao, site, setor_atuacao, descricao) VALUES
(1, '12345678000199', 'Tech Corp LTDA', 'Recife - PE', 'https://techcorp.com', 'Tecnologia', 'Soluções em software e consultoria.'),
(2, '98765432000155', 'ByteWorks S.A.', 'Caruaru - PE', 'https://byteworks.com', 'Inovação', 'Produtos digitais e plataformas web.'),
(3, '11222333000144', 'InovaTech LTDA', 'Petrolina - PE', 'https://inovatech.com', 'Tecnologia', 'Desenvolvimento de sistemas web.'),
(4, '22333444000155', 'DataMind S.A.', 'Garanhuns - PE', 'https://datamind.com', 'Dados', 'Análise e ciência de dados.'),
(5, '33444555000166', 'WebSolutions', 'Olinda - PE', 'https://websolutions.com', 'Desenvolvimento Web', 'Criação de plataformas digitais.'),
(6, '44555666000177', 'CloudSync', 'Recife - PE', 'https://cloudsync.com', 'Cloud', 'Soluções em computação em nuvem.'),
(7, '10000000000001', 'NextGen Systems', 'Recife - PE', 'https://nextgen.com', 'Tecnologia', 'Sistemas corporativos.'),
(8, '10000000000002', 'Alpha Data', 'Caruaru - PE', 'https://alphadata.com', 'Dados', 'Business Intelligence.'),
(9, '10000000000003', 'CodeFactory', 'Olinda - PE', 'https://codefactory.com', 'Software', 'Fábrica de software.'),
(10, '10000000000004', 'SkyNet Solutions', 'Petrolina - PE', 'https://skynet.com', 'Cloud', 'Infraestrutura em nuvem.'),
(11, '10000000000005', 'ByteMasters', 'Garanhuns - PE', 'https://bytemasters.com', 'Web', 'Aplicações web modernas.'),
(12, '10000000000006', 'DevHouse', 'Recife - PE', 'https://devhouse.com', 'Software', 'Soluções sob medida.'),
(13, '10000000000007', 'DataVision', 'Recife - PE', 'https://datavision.com', 'Analytics', 'Análise de dados.'),
(14, '10000000000008', 'CloudHub', 'Olinda - PE', 'https://cloudhub.com', 'Cloud', 'Serviços AWS e Azure.'),
(15, '10000000000009', 'InovaDigital', 'Caruaru - PE', 'https://inovadigital.com', 'Tecnologia', 'Transformação digital.'),
(16, '10000000000010', 'WebCore', 'Petrolina - PE', 'https://webcore.com', 'Frontend', 'Experiência digital.'),
(17, '10000000000011', 'SoftPlus', 'Recife - PE', 'https://softplus.com', 'Software', 'ERP e sistemas.'),
(18, '10000000000012', 'TechWave', 'Recife - PE', 'https://techwave.com', 'Inovação', 'Startups e inovação.'),
(19, '10000000000013', 'LogicMind', 'Olinda - PE', 'https://logicmind.com', 'Dados', 'Machine Learning.'),
(20, '10000000000014', 'BlueCode', 'Caruaru - PE', 'https://bluecode.com', 'Web', 'Plataformas digitais.'),
(21, '10000000000015', 'VisionTech', 'Garanhuns - PE', 'https://visiontech.com', 'Tecnologia', 'Sistemas inteligentes.'),
(22, '10000000000016', 'InTech Labs', 'Recife - PE', 'https://intechlabs.com', 'Pesquisa', 'Pesquisa aplicada.'),
(23, '10000000000017', 'DevSolutions', 'Olinda - PE', 'https://devsolutions.com', 'Software', 'APIs e microsserviços.'),
(24, '10000000000018', 'DataCore', 'Petrolina - PE', 'https://datacore.com', 'Dados', 'Data Warehouse.'),
(25, '10000000000019', 'FrontLab', 'Recife - PE', 'https://frontlab.com', 'Frontend', 'UX/UI.'),
(26, '10000000000020', 'CyberCloud', 'Recife - PE', 'https://cybercloud.com', 'Cloud', 'Segurança em nuvem.'),
(27, '10000000000021', 'Tech Solutions Ltda', 'São Paulo, SP', 'www.techsolutions.com.br', 'Tecnologia', 'Desenvolvimento de software sob medida.'),
(28, '10000000000022', 'Logística Avançada S.A.', 'Curitiba, PR', 'www.logadv.com.br', 'Logística', 'Soluções inteligentes de transporte e carga.'),
(29, '34567890000112', 'Alimentos do Vale', 'Belo Horizonte, MG', 'www.valealimentos.com', 'Alimentício', 'Produção e distribuição de produtos orgânicos.'),
(30, '45678901000123', 'Constru Bem Engenharia', 'Rio de Janeiro, RJ', 'www.construbem.eng.br', 'Construção Civil', 'Projetos residenciais e comerciais de alto padrão.'),
(31, '56789012000134', 'Saúde & Vida Clínicas', 'Brasília, DF', 'www.saudevida.med.br', 'Saúde', 'Rede de clínicas populares com foco em cardiologia.'),
(32, '67890123000145', 'Educa Mais EAD', 'Salvador, BA', 'www.educamais.edu.br', 'Educação', 'Plataforma de cursos online e especializações.'),
(33, '78901234000156', 'Eco Energia Renovável', 'Fortaleza, CE', 'www.ecoenergia.com.br', 'Energia', 'Instalação de painéis solares e consultoria energética.'),
(34, '89012345000167', 'Moda Fashion Brasil', 'Blumenau, SC', 'www.modafashion.com.br', 'Varejo', 'Fabricação de vestuário para o mercado internacional.'),
(35, '90123456000178', 'Segurança Total Monitoramento', 'Porto Alegre, RS', 'www.segtotal.com.br', 'Segurança', 'Sistemas de monitoramento 24h e alarmes.'),
(36, '01234567000189', 'Agro Verde Insumos', 'Ribeirão Preto, SP', 'www.agroverde.com.br', 'Agronegócio', 'Venda de sementes e fertilizantes de alta tecnologia.'),
(37, '11222333800144', 'Financie Já Créditos', 'Recife, PE', 'www.financieja.com.br', 'Financeiro', 'Soluções de crédito para microempreendedores.'),
(38, '22333444800155', 'Limpeza Brilho Máximo', 'Manaus, AM', 'www.brilhomax.com.br', 'Serviços', 'Terceirização de serviços de limpeza industrial.'),
(39, '33444555800166', 'Viaje Bem Turismo', 'Natal, RN', 'www.viajebem.com.br', 'Turismo', 'Agência especializada em roteiros ecológicos.'),
(40, '44555666080177', 'Móveis Design & Conforto', 'São Bento do Sul, SC', 'www.designmoveis.com.br', 'Mobiliário', 'Móveis planejados com madeira sustentável.'),
(41, '55666777800188', 'Auto Mecânica Rápida', 'Goiânia, GO', 'www.mecanicarapida.com.br', 'Automotivo', 'Manutenção preventiva e corretiva de veículos leves.'),
(42, '66777888080199', 'Pet Love Clínica Veterinária', 'Campinas, SP', 'www.petlovevet.com.br', 'Pet', 'Atendimento hospitalar e estética animal.'),
(43, '77888999800100', 'Marketing Digital Pro', 'Florianópolis, SC', 'www.mdigitalpro.com.br', 'Marketing', 'Estratégias de SEO e gestão de redes sociais.'),
(44, '88999000000111', 'Livraria Sabedoria', 'Coimbra, PT', 'www.sabedoria.com.pt', 'Cultura', 'Venda de livros raros e edições especiais.'),
(45, '99000111000122', 'Farmácia Popular Plus', 'Vitória, ES', 'www.farmapplus.com.br', 'Saúde', 'Distribuição de medicamentos e perfumaria.'),
(46, '10111222000133', 'Gastronomia Gourmet', 'Belém, PA', 'www.gastrogourmet.com.br', 'Alimentício', 'Buffet especializado em culinária regional.'),
(47, '20222333000144', 'Academia Corpo Ativo', 'Aracaju, SE', 'www.corpoativo.com.br', 'Fitness', 'Treinamento funcional e musculação personalizada.'),
(48, '30333444000155', 'Consultoria Jurídica Silva', 'João Pessoa, PB', 'www.silvaadvocacia.com.br', 'Jurídico', 'Direito empresarial e tributário.'),
(49, '40444555000166', 'Eventos Inesquecíveis', 'Maceió, AL', 'www.eventosines.com.br', 'Eventos', 'Organização de casamentos e festas corporativas.'),
(50, '50555666000177', 'Bio Cosméticos Naturais', 'Cuiabá, MT', 'www.biocosmeticos.com.br', 'Cosméticos', 'Produtos de beleza 100% veganos e naturais.');

INSERT INTO Estudante (id_estudante, cpf, nome, data_nascimento) VALUES
(1, '11122653344', 'João Lucas', '2003-05-10'),
(2, '111298344', 'João Cesar', '2003-05-10'),
(3, '11122233344', 'João Henrique', '2003-05-10'),
(4, '55566677788', 'Maria Silva', '2002-09-22'),
(5, '99988877766', 'Ana Lima', '2004-01-15'),
(6, '22233344455', 'Carlos Souza', '2001-12-03'),
(7, '12312312399', 'Lucas Almeida', '2003-03-12'),
(8, '32132132188', 'Fernanda Rocha', '2002-07-18'),
(9, '45645645677', 'Bruno Melo', '2001-11-30'),
(10, '65465465466', 'Camila Santos', '2004-04-25'),
(11, '78978978955', 'Rafael Lima', '2003-08-09'),
(12, '98798798744', 'Juliana Costa', '2002-02-17'),
(13, '15915915933', 'Thiago Pires', '2001-06-05'),
(14, '75375375322', 'Beatriz Alves', '2004-10-14'),
(15, '85285285211', 'Gustavo Nunes', '2003-01-20'),
(16,'11100000001','Aluno 16','2002-01-01'),
(17,'11100000002','Aluno 17','2002-02-01'),
(18,'11100000003','Aluno 18','2002-03-01'),
(19,'11100000004','Aluno 19','2002-04-01'),
(20,'11100000005','Aluno 20','2002-05-01'),
(21,'11100000006','Aluno 21','2002-06-01'),
(22,'11100000007','Aluno 22','2002-07-01'),
(23,'11100000008','Aluno 23','2002-08-01'),
(24,'11100000009','Aluno 24','2002-09-01'),
(25,'11100000010','Aluno 25','2002-10-01'),
(26,'11100000011','Aluno 26','2003-01-01'),
(27,'11100000012','Aluno 27','2003-02-01'),
(28,'11100000013','Aluno 28','2003-03-01'),
(29,'11100000014','Aluno 29','2003-04-01'),
(30,'11100000015','Aluno 30','2003-05-01'),
(31,'11100000016','Aluno 31','2003-06-01'),
(32,'11100000017','Aluno 32','2003-07-01'),
(33,'11100000018','Aluno 33','2003-08-01'),
(34,'11100000019','Aluno 34','2003-09-01'),
(35,'11100000020','Aluno 35','2003-10-01'),
(36,'11100000021','Aluno 36','2004-01-01'),
(37,'11100000022','Aluno 37','2004-02-01'),
(38,'11100000023','Aluno 38','2004-03-01'),
(39,'11100000024','Aluno 39','2004-04-01'),
(40,'11100000025','Aluno 40','2004-05-01'),
(41,'11100000026','Aluno 41','2004-06-01'),
(42,'11100000027','Aluno 42','2004-07-01'),
(43,'11100000028','Aluno 43','2004-08-01'),
(44,'11100000029','Aluno 44','2004-09-01'),
(45,'11100000030','Aluno 45','2004-10-01'),
(46,'11100000031','Aluno 46','2005-01-01'),
(47,'11100000032','Aluno 47','2005-02-01'),
(48,'11100000033','Aluno 48','2005-03-01'),
(49,'11100000034','Aluno 49','2005-04-01'),
(50,'11100000035','Aluno 50','2005-05-01');


INSERT INTO Telefone (id_estudante, numero) VALUES
(3, '81999990000'),
(3, '81988887777'),
(4, '81977776666'),
(5, '81966665555'),
(6, '81955554444'),
(7, '81911112222'),
(8, '81922223333'),
(9, '81933334444'),
(10, '81944445555'),
(11, '81955556666'),
(12, '81966667777'),
(13, '81977778888'),
(14, '81988889999'),
(15, '81999991111'),
(3, '11987654321'),
(4, '11976543210'),
(5, '21965432109'),
(6, '21954321098'),
(7, '31943210987'),
(8, '31932109876'),
(9, '41921098765'),
(10, '41910987654'),
(11, '51909876543'),
(12, '51998765432'),
(13, '61987654321'),
(14, '61976543210'),
(15, '71965432109'),
(16, '71954321098'),
(17, '81943210987'),
(18, '81932109876'),
(19, '91921098765'),
(20, '91910987654'),
(21, '11909876543'),
(22, '21998765432'),
(23, '31987654321'),
(24, '41976543210'),
(25, '51965432109'),
(26, '61954321098'),
(27, '71943210987'),
(28, '81932109876'),
(29, '91921098765'),
(30, '11910987654'),
(31, '21909876543'),
(32, '31998765432'),
(33, '41987654321'),
(34, '51976543210'),
(35, '61965432109'),
(36, '71954321098'),
(37, '81943210987'),
(37, '87943210987');

INSERT INTO Curriculo (id_estudante, objetivo, experiencia, link_portifolio) VALUES
(1, 'Estágio em Backend', 'Projetos acadêmicos em APIs REST, MySQL e Java.', 'https://github.com/joaocesar'),
(2, 'Estágio em Backend', 'Projetos acadêmicos em APIs REST, MySQL e Java.', 'https://github.com/joaolucas'),
(3, 'Estágio em Backend', 'Projetos acadêmicos em APIs REST, MySQL e Java.', 'https://github.com/joaohenrique'),
(4, 'Estágio em Frontend', 'Landing pages e dashboards com HTML, CSS e JS.', 'https://github.com/mariasilva'),
(5, 'Estágio em Dados', 'Consultas SQL, modelagem relacional e relatórios.', 'https://github.com/analima'),
(6, 'Estágio em Fullstack', 'Projetos web com integração front/back e banco.', 'https://github.com/carlossouza'),
(7, 'Estágio Backend', 'Projetos com Spring Boot e MySQL.', 'https://github.com/lucasalmeida'),
(8, 'Estágio UX/UI', 'Protótipos no Figma e React.', 'https://github.com/fernandarocha'),
(9, 'Estágio DevOps', 'Docker e integração contínua.', 'https://github.com/brunomelo'),
(10, 'Estágio Mobile', 'Apps Flutter integrados com API.', 'https://github.com/camilasantos'),
(11, 'Estágio Dados', 'Python e análise exploratória.', 'https://github.com/rafaellima'),
(12, 'Estágio QA', 'Testes automatizados com JUnit.', 'https://github.com/julianacosta'),
(13, 'Estágio Backend', 'APIs REST e autenticação JWT.', 'https://github.com/thiagopires'),
(14, 'Estágio Frontend', 'React e Tailwind.', 'https://github.com/beatrizalves'),
(15, 'Estágio Fullstack', 'Node.js e banco relacional.', 'https://github.com/gustavonunes'),
(38, 'Estágio em Desenvolvimento Web', 'Projetos acadêmicos com HTML, CSS e JS.', 'github.com/estudante38'),
(39, 'Analista de Dados Júnior', 'Experiência com Excel avançado e Power BI.', 'linkedin.com/in/estudante39'),
(40, 'UX/UI Designer', 'Criação de protótipos no Figma para startups.', 'behance.net/estudante40'),
(41, 'Suporte Técnico', 'Atendimento ao cliente e manutenção de hardware.', 'portfolio.com/estudante41'),
(42, 'Desenvolvedor Java', 'Conhecimento em Spring Boot e Hibernate.', 'github.com/estudante42'),
(43, 'Marketing Digital', 'Gestão de redes sociais e tráfego pago.', 'estudante43.me'),
(44, 'QA / Testador', 'Testes manuais e automatizados com Selenium.', 'github.com/estudante44'),
(45, 'Administração', 'Auxiliar administrativo em empresa de logística.', 'linkedin.com/in/estudante45'),
(46, 'Desenvolvedor Python', 'Automação de processos e Web Scraping.', 'github.com/estudante46'),
(47, 'Segurança da Informação', 'Curso de Ethical Hacking e redes.', 'estudante47.security'),
(48, 'Redação e Conteúdo', 'Produção de artigos para blogs de tecnologia.', 'medium.com/@estudante48'),
(49, 'Vendas e Comercial', 'Experiência com vendas consultivas B2B.', 'linkedin.com/in/estudante49'),
(50, 'Desenvolvedor Mobile', 'Desenvolvimento de apps com Flutter.', 'github.com/estudante50'),
(17, 'Recursos Humanos', 'Apoio em processos de recrutamento e seleção.', 'linkedin.com/in/estudante51'),
(18, 'Gestão de Projetos', 'Conhecimento em metodologias ágeis (Scrum).', 'estudante52.pro'),
(19, 'Cibersegurança', 'Monitoramento de redes e análise de vulnerabilidades.', 'github.com/estudante53'),
(20, 'Design Gráfico', 'Criação de identidade visual e logos.', 'behance.net/estudante54'),
(21, 'Desenvolvedor C#', 'Sistemas desktop e integração com SQL Server.', 'github.com/estudante55'),
(30, 'Tradução Técnico', 'Inglês fluente para tradução de manuais.', 'estudante56.translations'),
(22, 'Data Science', 'Modelos de machine learning com Scikit-Learn.', 'github.com/estudante57'),
(37, 'Cloud Computing', 'Configuração de instâncias na AWS e Azure.', 'linkedin.com/in/estudante58'),
(36, 'Relacionamento com Cliente', 'Experiência em CRM e pós-venda.', 'estudante59.cv'),
(35, 'Fullstack Developer', 'Node.js, React e MongoDB.', 'github.com/estudante60'),
(34, 'Engenharia de Software', 'Modelagem de sistemas e diagramas UML.', 'linkedin.com/in/estudante61'),
(33, 'Inteligência Artificial', 'Pesquisa acadêmica em Redes Neurais.', 'github.com/estudante62'),
(32, 'Infraestrutura de TI', 'Administração de servidores Linux.', 'estudante63.tech'),
(31, 'Comunicação Social', 'Estágio em assessoria de imprensa.', 'linkedin.com/in/estudante64'),
(16, 'Game Developer', 'Criação de jogos independentes em Unity.', 'itch.io/estudante65'),
(23, 'Desenvolvedor Backend', 'Interesse em arquitetura de microsserviços.', 'github.com/estudante03-v2'),
(24, 'Frontend Developer', 'Especialista em animações com CSS.', 'estudante04.dev'),
(25, 'Business Analyst', 'Análise de requisitos e processos de negócio.', 'linkedin.com/in/estudante05-ba'),
(26, 'DevOps Engineer', 'Implementação de pipelines CI/CD.', 'github.com/estudante06-ops'),
(27, 'Mobile iOS', 'Desenvolvimento nativo com Swift.', 'github.com/estudante07-ios'),
(28, 'Database Administrator', 'Otimização de queries e tuning de banco.', 'linkedin.com/in/estudante08-dba'),
(29, 'Sucesso do Cliente', 'Foco em redução de churn e onboarding.', 'estudante09.success');

INSERT INTO Habilidade (nome) VALUES
('JSF'),
('SQL'),
('HTML'),
('CSS'),
('JPA'),
('Git'),
('Python'),
('Lógica de Programação'),
('JavaScript'),
('Python'),
('Java'),
('C#'),
('TypeScript'),
('PHP'),
('Ruby'),
('C++'),
('Swift'),
('SQL'),
('NoSQL'),
('HTML5'),
('CSS3'),
('React.js'),
('Angular'),
('Vue.js'),
('Node.js'),
('Spring Boot'),
('Django'),
('Flask'),
('Laravel'),
('Flutter'),
('React Native'),
('AWS (Amazon Web Services)'),
('Microsoft Azure'),
('Google Cloud Platform'),
('Docker'),
('Kubernetes'),
('Git/GitHub'),
('Scrum/Kanban'),
('UI/UX Design'),
('Figma'),
('Power BI'),
('Excel Avançado'),
('Análise de Dados'),
('Machine Learning'),
('Cibersegurança'),
('QA/Testes Automatizados'),
('DevOps'),
('Comunicação Assertiva'),
('Trabalho em Equipe'),
('Resolução de Problemas'),
('Liderança'),
('Pensamento Crítico'),
('Inglês Técnico'),
('Gestão de Tempo');

INSERT INTO Curso (nome_curso, nivel) VALUES
('Ciência da Computação', 'Graduação'),
('Análise e Desenvolvimento de Sistemas', 'Tecnólogo'),
('Engenharia de Software', 'Graduação'),
('Ciência da Computação', 'Bacharelado'),
('Sistemas de Informação', 'Bacharelado'),
('Análise e Desenvolvimento de Sistemas', 'Tecnólogo'),
('Engenharia de Software', 'Bacharelado'),
('Gestão de Tecnologia da Informação', 'Tecnólogo'),
('Redes de Computadores', 'Tecnólogo'),
('Segurança da Informação', 'Tecnólogo'),
('Inteligência Artificial', 'Pós-graduação'),
('Data Science', 'Pós-graduação'),
('Administração de Empresas', 'Bacharelado'),
('Ciências Contábeis', 'Bacharelado'),
('Marketing Digital', 'Tecnólogo'),
('Gestão de Recursos Humanos', 'Tecnólogo'),
('Logística', 'Tecnólogo'),
('Comércio Exterior', 'Bacharelado'),
('Engenharia Civil', 'Bacharelado'),
('Engenharia Mecânica', 'Bacharelado'),
('Engenharia Elétrica', 'Bacharelado'),
('Engenharia de Produção', 'Bacharelado'),
('Arquitetura e Urbanismo', 'Bacharelado'),
('Design Gráfico', 'Tecnólogo'),
('Design de Produto', 'Bacharelado'),
('Publicidade e Propaganda', 'Bacharelado'),
('Jornalismo', 'Bacharelado'),
('Direito', 'Bacharelado'),
('Psicologia', 'Bacharelado'),
('Enfermagem', 'Bacharelado'),
('Fisioterapia', 'Bacharelado'),
('Nutrição', 'Bacharelado'),
('Medicina', 'Bacharelado'),
('Medicina Veterinária', 'Bacharelado'),
('Agronomia', 'Bacharelado'),
('Biotecnologia', 'Bacharelado'),
('Pedagogia', 'Bacharelado'),
('Letras - Inglês', 'Licenciatura'),
('Matemática', 'Licenciatura'),
('Física', 'Bacharelado'),
('Química Industrial', 'Bacharelado'),
('Gastronomia', 'Tecnólogo'),
('Turismo', 'Bacharelado'),
('Relações Internacionais', 'Bacharelado'),
('Economia', 'Bacharelado'),
('MBA em Gestão de Projetos', 'Pós-graduação'),
('Desenvolvimento Mobile', 'Pós-graduação'),
('Cloud Computing', 'Pós-graduação'),
('User Experience (UX)', 'Pós-graduação'),
('Bioinformática', 'Mestrado');

INSERT INTO Possui (id_estudante, id_habilidade) VALUES
(3, 1),
(3, 2),
(3, 6),
(4, 3),
(4, 4),
(4, 5),
(4, 6),
(5, 2),
(5, 7),
(5, 6),
(6, 1),
(6, 2),
(6, 3),
(6, 5),
(6, 6),
(7, 10), (7, 11), (7, 30),
(8, 11), (8, 12), (8, 31),
(9, 13), (9, 14), (9, 15),
(10, 15), (10, 16), (10, 32),
(11, 17), (11, 18), (11, 28),
(12, 19), (12, 20), (12, 40),
(13, 21), (13, 22), (13, 41),
(14, 23), (14, 24), (14, 42),
(15, 25), (15, 30), (15, 46),
(16, 26), (16, 27), (16, 47),
(17, 33), (17, 34), (17, 35),
(18, 36), (18, 37), (18, 43),
(19, 38), (19, 39), (19, 44),
(20, 1), (20, 5), (20, 45),
(21, 2), (21, 8), (21, 9),
(22, 3), (22, 10), (22, 31),
(23, 4), (23, 11), (23, 30),
(24, 6), (24, 12), (24, 25),
(25, 7), (25, 13), (25, 26),
(26, 14), (26, 15), (26, 27),
(27, 16), (27, 17), (27, 28),
(28, 18), (28, 19), (28, 29),
(29, 20), (29, 21), (29, 40),
(30, 22), (30, 23), (30, 41),
(31, 24), (31, 33), (31, 42),
(32, 34), (32, 35), (32, 43),
(33, 36), (33, 37), (33, 44),
(34, 38), (34, 39), (34, 45),
(35, 1), (35, 2), (35, 30),
(36, 3), (36, 4), (36, 31),
(37, 5), (37, 6), (37, 32),
(38, 7), (38, 8), (38, 33),
(39, 9), (39, 10), (39, 34),
(40, 11), (40, 12), (40, 35),
(41, 13), (41, 14), (41, 36);

INSERT INTO Estuda (id_estudante, id_curso) VALUES
(3, 1),
(4, 2),
(5, 1),
(6, 3),
(7, 4), (8, 5), (9, 6), (10, 7), (11, 8), (12, 9), (13, 10), (14, 11), (15, 12), (16, 13), (17, 14), (18, 15), (19, 16), (20, 17), (21, 18), (22, 19), (23, 20), (24, 21), (25, 22), (26, 23), (27, 24), (28, 25), (29, 26), (30, 27), (31, 28), (32, 29), (33, 30), (34, 31), (35, 32), (36, 33), (37, 34), (38, 35), (39, 36), (40, 37), (41, 38), (42, 39), (43, 40), (44, 41), (45, 42), (46, 43), (47, 44), (48, 45), (49, 46), (50, 47), (32, 1), (33, 2);

INSERT INTO Vaga (id_empresa, titulo, descricao, tipo, bolsa_salario, status) VALUES
(1, 'Estágio Backend', 'Atuar com APIs, banco de dados e testes.', 'Estágio', 1200.00, 'Aberta'),
(1, 'Estágio Dados', 'Consultas SQL, relatórios e apoio na modelagem.', 'Estágio', 1300.00, 'Aberta'),
(2, 'Estágio Frontend', 'Desenvolvimento de interfaces web responsivas.', 'Estágio', 1100.00, 'Aberta'),
(2, 'Jr Fullstack', 'Apoio em tarefas web no front e back.', 'CLT', 2500.00, 'Aberta'),
(3, 'Estágio Backend Java', 'Atuar com Spring Boot.', 'Estágio', 1400.00, 'Aberta'),
(4, 'Estágio Ciência de Dados', 'Modelagem e análise.', 'Estágio', 1500.00, 'Aberta'),
(5, 'Estágio Frontend React', 'Interfaces modernas.', 'Estágio', 1200.00, 'Aberta'),
(6, 'DevOps Jr', 'Pipeline CI/CD.', 'CLT', 3000.00, 'Aberta'),
(3, 'Estágio QA', 'Testes automatizados.', 'Estágio', 1100.00, 'Aberta'),
(5, 'Fullstack Jr', 'Apoio no desenvolvimento web.', 'CLT', 2800.00, 'Aberta'),
(27, 'Estágio em Suporte', 'Apoio técnico a usuários e redes.', 'Estágio', 1100.00, 'Aberta'),
(27, 'Analista de Sistemas Jr', 'Análise de requisitos e documentação.', 'CLT', 3200.00, 'Aberta'),
(28, 'Estágio em Logística', 'Otimização de rotas e inventário.', 'Estágio', 1250.00, 'Aberta'),
(29, 'Técnico de Alimentos', 'Controle de qualidade e processos.', 'CLT', 2400.00, 'Aberta'),
(30, 'Estágio Engenharia Civil', 'Acompanhamento de obras e projetos.', 'Estágio', 1400.00, 'Aberta'),
(31, 'Estágio em Enfermagem', 'Apoio em triagem e prontuários.', 'Estágio', 1100.00, 'Aberta'),
(32, 'Monitor de EAD', 'Suporte a alunos e plataforma.', 'Estágio', 1000.00, 'Aberta'),
(33, 'Estágio Solar', 'Projetos de energia fotovoltaica.', 'Estágio', 1350.00, 'Aberta'),
(34, 'Estágio em Moda', 'Criação de fichas técnicas e moldes.', 'Estágio', 1150.00, 'Aberta'),
(35, 'Técnico de Monitoramento', 'Vigilância eletrônica e alarmes.', 'CLT', 2100.00, 'Aberta'),
(36, 'Estágio Agronomia', 'Análise de solo e plantio.', 'Estágio', 1500.00, 'Aberta'),
(37, 'Auxiliar Financeiro', 'Contas a pagar e receber.', 'CLT', 2200.00, 'Aberta'),
(38, 'Estágio em Química', 'Análise laboratorial industrial.', 'Estágio', 1300.00, 'Aberta'),
(39, 'Agente de Viagens', 'Vendas de pacotes e roteiros.', 'CLT', 1900.00, 'Aberta'),
(40, 'Estágio Design de Móveis', 'Modelagem 3D de mobiliário.', 'Estágio', 1200.00, 'Aberta'),
(41, 'Mecânico Aprendiz', 'Manutenção básica de motores.', 'Estágio', 1050.00, 'Aberta'),
(42, 'Estágio Veterinária', 'Auxílio em exames e consultas.', 'Estágio', 1100.00, 'Aberta'),
(43, 'Social Media Jr', 'Gestão de conteúdo e métricas.', 'CLT', 2600.00, 'Aberta'),
(44, 'Auxiliar de Biblioteca', 'Organização de acervo e vendas.', 'CLT', 1800.00, 'Aberta'),
(45, 'Estágio Farmácia', 'Auxílio em manipulação e estoque.', 'Estágio', 1200.00, 'Aberta'),
(46, 'Auxiliar de Cozinha', 'Preparação de buffet e insumos.', 'CLT', 1700.00, 'Aberta'),
(47, 'Instrutor de Academia', 'Acompanhamento de treinos.', 'CLT', 2300.00, 'Aberta'),
(48, 'Estagiário Jurídico', 'Redação de peças e pesquisas.', 'Estágio', 1500.00, 'Aberta'),
(49, 'Produtor de Eventos', 'Organização e logística de festas.', 'CLT', 2900.00, 'Aberta'),
(50, 'Estágio Bio Cosméticos', 'Pesquisa de ativos naturais.', 'Estágio', 1300.00, 'Aberta'),
(27, 'Desenvolvedor C# Jr', 'Manutenção de sistemas legados.', 'CLT', 3500.00, 'Aberta'),
(28, 'Analista de Frota', 'Gestão de veículos e motoristas.', 'CLT', 3100.00, 'Aberta'),
(30, 'Calculista Jr', 'Cálculos estruturais básicos.', 'CLT', 3800.00, 'Aberta'),
(4, 'Estágio Mobile Android', 'Desenvolvimento de telas nativas.', 'Estágio', 1450.00, 'Aberta'),
(6, 'SysAdmin Jr', 'Gestão de servidores Linux.', 'CLT', 3200.00, 'Aberta'),
(1, 'Estágio Python', 'Automação de processos internos.', 'Estágio', 1300.00, 'Aberta'),
(2, 'Analista de SEO', 'Otimização de sites e busca.', 'CLT', 2800.00, 'Aberta'),
(33, 'Vendedor Técnico', 'Venda de soluções energéticas.', 'CLT', 2500.00, 'Aberta'),
(10, 'Auxiliar de Campo', 'Apoio em colheita e amostragem.', 'CLT', 1900.00, 'Aberta'),
(15, 'Estágio Mecânica Auto', 'Revisão de sistemas de freios.', 'Estágio', 1100.00, 'Aberta'),
(20, 'Cozinheiro Jr', 'Finalização de pratos gourmet.', 'CLT', 2400.00, 'Aberta'),
(22, 'Secretária Jurídica', 'Atendimento e agenda.', 'CLT', 2000.00, 'Aberta'),
(17, 'Copywriter Jr', 'Redação publicitária focada em conversão.', 'CLT', 2700.00, 'Aberta'),
(8, 'Estágio Comercial', 'Prospecção ativa de clientes.', 'Estágio', 1200.00, 'Aberta'),
(11, 'Analista de Crédito Jr', 'Análise de risco financeiro.', 'CLT', 2600.00, 'Aberta');

INSERT INTO Requer (id_vaga, id_habilidade) VALUES

(1, 1), (1, 2), (1, 6),
(2, 2), (2, 7), (2, 6),
(3, 3), (3, 4), (3, 5), (3, 6),
(4, 1), (4, 2), (4, 3), (4, 5), (4, 6),
(5, 4), (5, 19), (5, 30),
(6, 3), (6, 36), (6, 37),
(7, 13), (7, 15), (7, 32),
(8, 28), (8, 29), (8, 40),
(9, 11), (9, 39), (9, 43),
(10, 18), (10, 22), (10, 30),
(11, 41), (11, 43), (11, 45),
(12, 41), (12, 43), (12, 44),
(13, 14), (13, 44), (13, 47),
(14, 34), (14, 35), (14, 45),
(15, 30), (15, 31), (15, 43),
(16, 41), (16, 43), (16, 46),
(17, 33), (17, 43), (17, 47),
(18, 25), (18, 27), (18, 33),
(19, 32), (19, 33), (19, 43),
(20, 35), (20, 42), (20, 43),
(21, 11), (21, 36), (21, 43),
(22, 34), (22, 35), (22, 45),
(23, 12), (23, 38), (23, 45),
(24, 33), (24, 39), (24, 43),
(25, 32), (25, 33), (25, 47),
(26, 41), (26, 42), (26, 43),
(27, 42), (27, 43), (27, 46),
(28, 37), (28, 43), (28, 44),
(29, 44), (29, 45), (29, 46),
(30, 41), (30, 45), (30, 46),
(31, 41), (31, 42), (31, 47),
(32, 42), (32, 44), (32, 45),
(33, 43), (33, 44), (33, 45),
(34, 41), (34, 42), (34, 44),
(35, 27), (35, 46), (35, 47),
(36, 5), (36, 11), (36, 30),
(37, 28), (37, 41), (37, 43),
(38, 30), (38, 31), (38, 42),
(39, 3), (39, 23), (39, 30),
(40, 28), (40, 40), (40, 43);

INSERT INTO Candidatura (id_estudante, id_vaga, status_atual) VALUES
(3, 1, 'Em análise'),
(5, 2, 'Em análise'),
(4, 3, 'Em análise'),
(6, 4, 'Em análise'),
(3, 4, 'Em análise'),
(7, 5, 'Em análise'),
(8, 7, 'Em análise'),
(9, 8, 'Em análise'),
(10, 6, 'Em análise'),
(11, 6, 'Em análise'),
(12, 9, 'Em análise'),
(13, 5, 'Em análise'),
(14, 7, 'Em análise'),
(15, 10, 'Em análise'),
(16, 11, 'Em análise'),
(17, 12, 'Entrevista'),
(18, 13, 'Em análise'),
(19, 14, 'Rejeitado'),
(20, 15, 'Aprovado'),
(21, 16, 'Em análise'),
(22, 17, 'Entrevista'),
(23, 18, 'Em análise'),
(24, 19, 'Em análise'),
(25, 20, 'Em análise'),
(26, 21, 'Entrevista'),
(27, 22, 'Em análise'),
(28, 23, 'Rejeitado'),
(29, 24, 'Em análise'),
(30, 25, 'Aprovado'),
(31, 26, 'Em análise'),
(32, 27, 'Entrevista'),
(33, 28, 'Em análise'),
(34, 29, 'Em análise'),
(35, 30, 'Rejeitado'),
(36, 31, 'Em análise'),
(37, 32, 'Em análise'),
(38, 33, 'Entrevista'),
(39, 34, 'Em análise'),
(40, 35, 'Em análise'),
(41, 36, 'Aprovado'),
(42, 37, 'Em análise'),
(43, 38, 'Entrevista'),
(44, 39, 'Em análise'),
(45, 40, 'Rejeitado'),
(46, 1, 'Entrevista'),
(47, 2, 'Em análise'),
(48, 3, 'Em análise'),
(49, 10, 'Em análise'),
(50, 15, 'Entrevista'),
(33, 20, 'Em análise');

INSERT INTO Entrevista (id_candidatura, data_hora, link_local, feedback, status) VALUES
(1, '2026-02-05 14:00:00', 'Google Meet', 'Perfil aderente para backend', 'Agendada'),
(3, '2026-02-06 10:30:00', 'Google Meet', 'Boa base em frontend', 'Agendada'),
(4, '2026-02-07 09:00:00', 'Presencial - ByteWorks', 'Avaliando fit cultural', 'Agendada'),
(6, '2026-03-01 10:00:00', 'Google Meet', 'Bom conhecimento técnico', 'Agendada'),
(7, '2026-03-02 14:00:00', 'Google Meet', 'Boa comunicação', 'Agendada'),
(8, '2026-03-03 09:30:00', 'Presencial - DataMind', 'Perfil analítico forte', 'Agendada'),
(9, '2026-03-04 11:00:00', 'Google Meet', 'Experiência relevante', 'Agendada'),
(10, '2026-03-05 15:00:00', 'Teams', 'Interesse em suporte N1', 'Agendada'),
(11, '2026-03-06 10:00:00', 'Google Meet', 'Foco em redes', 'Agendada'),
(17, '2026-03-07 14:30:00', 'Zoom', 'Ótimo portfólio UX', 'Agendada'),
(22, '2026-03-08 11:00:00', 'Google Meet', 'Conhecimento em React', 'Agendada'),
(26, '2026-03-09 16:00:00', 'Presencial - InovaTech', 'Dinâmico e proativo', 'Agendada'),
(32, '2026-03-10 09:00:00', 'Teams', 'Experiência com SQL', 'Agendada'),
(38, '2026-03-11 14:00:00', 'Google Meet', 'Inglês avançado', 'Agendada'),
(43, '2026-03-12 10:30:00', 'Google Meet', 'Perfil liderança', 'Agendada'),
(46, '2026-03-13 13:00:00', 'Presencial - SoftStore', 'Base técnica sólida', 'Agendada'),
(50, '2026-03-14 15:00:00', 'Zoom', 'Fit cultural excelente', 'Agendada'),
(12, '2026-03-15 11:00:00', 'Google Meet', 'Dúvidas sobre pretensão', 'Agendada'),
(13, '2026-03-16 09:30:00', 'Teams', 'Avaliação lógica OK', 'Agendada'),
(14, '2026-03-17 14:00:00', 'Google Meet', 'Portfólio em Python', 'Agendada'),
(15, '2026-03-18 10:00:00', 'Presencial - TechHub', 'Candidato pontual', 'Agendada'),
(16, '2026-03-19 16:30:00', 'Google Meet', 'Conhecimento em Cloud', 'Agendada'),
(18, '2026-03-20 09:00:00', 'Zoom', 'Boa oratória', 'Agendada'),
(19, '2026-03-21 11:30:00', 'Google Meet', 'Perfil para comercial', 'Agendada'),
(20, '2026-03-22 14:00:00', 'Teams', 'Explicou bem projetos', 'Agendada'),
(21, '2026-03-23 15:00:00', 'Google Meet', 'Interesse em mobile', 'Agendada'),
(23, '2026-03-24 10:00:00', 'Presencial - WebServices', 'Postura profissional', 'Agendada'),
(24, '2026-03-25 09:00:00', 'Google Meet', 'Demonstrou curiosidade', 'Agendada'),
(25, '2026-03-26 14:30:00', 'Zoom', 'Resiliência alta', 'Agendada'),
(27, '2026-03-27 11:00:00', 'Google Meet', 'Conhece Git Flow', 'Agendada'),
(28, '2026-03-28 16:00:00', 'Teams', 'Apto para estágio', 'Agendada'),
(29, '2026-03-29 10:30:00', 'Presencial - FutureLog', 'Visão de processos', 'Agendada'),
(30, '2026-03-30 14:00:00', 'Google Meet', 'Experiência com APIs', 'Agendada'),
(31, '2026-03-31 09:00:00', 'Zoom', 'Deseja aprender Rust', 'Agendada'),
(33, '2026-04-01 11:00:00', 'Google Meet', 'Boa base de algoritmos', 'Agendada'),
(34, '2026-04-02 15:30:00', 'Teams', 'Perfil organizado', 'Agendada'),
(35, '2026-04-03 10:00:00', 'Google Meet', 'Conhece metodologias', 'Agendada'),
(36, '2026-04-04 14:00:00', 'Presencial - DevCorp', 'Foco em resultados', 'Agendada'),
(37, '2026-04-05 09:30:00', 'Google Meet', 'Interesse em QA', 'Agendada'),
(39, '2026-04-06 11:00:00', 'Zoom', 'Perfil para dados', 'Agendada'),
(40, '2026-04-07 16:00:00', 'Google Meet', 'Trabalha bem em grupo', 'Agendada'),
(41, '2026-04-08 14:30:00', 'Teams', 'Conhece Docker', 'Agendada'),
(42, '2026-04-09 10:00:00', 'Google Meet', 'Bom nível técnico', 'Agendada'),
(44, '2026-04-10 13:00:00', 'Presencial - CreativeBox', 'Estilo criativo', 'Agendada'),
(45, '2026-04-11 15:00:00', 'Google Meet', 'Busca especialização', 'Agendada'),
(47, '2026-04-12 11:00:00', 'Zoom', 'Respondeu bem desafios', 'Agendada'),
(48, '2026-04-13 09:00:00', 'Google Meet', 'Vontade de crescer', 'Agendada'),
(49, '2026-04-14 14:00:00', 'Teams', 'Entende de segurança', 'Agendada'),
(2, '2026-04-15 10:30:00', 'Google Meet', 'Perfil para front junior', 'Agendada'),
(5, '2026-04-16 16:00:00', 'Presencial - Innova', 'Ótima apresentação', 'Agendada');
